,QE_I04,QE_I05,QE_I08,NT_GER,QE_I04n,QE_I05n,QE_I08n
0,B,B,A,36.4,2,2,1
1,B,B,A,66.3,2,2,1
2,D,D,A,27.3,4,4,1
3,C,B,B,54.6,3,2,2
4,C,D,A,34.8,3,4,1
5,D,B,A,44.2,4,2,1
6,A,A,A,34.1,1,1,1
7,E,C,C,38.9,5,3,3
8,D,B,C,47.6,4,2,3
9,B,B,A,41.4,2,2,1
10,E,F,C,58.3,5,6,3
11,B,B,A,41.1,2,2,1
12,A,B,A,42.5,1,2,1
13,A,B,A,61.2,1,2,1
14,A,B,A,35.0,1,2,1
15,B,C,A,52.9,2,3,1
16,C,B,A,24.2,3,2,1
17,B,D,C,40.3,2,4,3
18,B,C,A,39.8,2,3,1
19,B,B,B,47.3,2,2,2
20,A,B,B,59.9,1,2,2
21,A,B,B,41.0,1,2,2
22,B,B,B,53.2,2,2,2
23,B,B,B,65.1,2,2,2
24,A,B,A,38.7,1,2,1
25,B,B,B,30.7,2,2,2
26,B,C,A,58.0,2,3,1
27,A,B,B,54.5,1,2,2
28,A,B,A,33.8,1,2,1
29,C,D,A,62.7,3,4,1
30,D,D,A,44.6,4,4,1
31,B,B,A,42.7,2,2,1
32,B,B,B,45.6,2,2,2
33,B,B,A,37.5,2,2,1
34,C,D,A,55.7,3,4,1
35,A,A,B,48.4,1,1,2
36,D,B,A,31.5,4,2,1
37,D,C,A,31.1,4,3,1
38,A,A,B,70.7,1,1,2
39,A,B,B,32.1,1,2,2
40,B,B,B,55.9,2,2,2
41,B,D,A,41.9,2,4,1
42,A,D,A,36.1,1,4,1
43,B,B,A,40.3,2,2,1
44,A,D,A,34.9,1,4,1
45,B,A,A,31.8,2,1,1
46,A,B,D,46.3,1,2,4
47,A,B,A,27.3,1,2,1
48,B,B,A,64.1,2,2,1
49,B,E,A,54.3,2,5,1
50,A,A,B,35.2,1,1,2
51,B,B,B,48.2,2,2,2
52,B,B,A,42.5,2,2,1
53,C,B,A,38.7,3,2,1
54,B,B,A,43.8,2,2,1
55,A,A,A,38.0,1,1,1
56,B,C,B,53.6,2,3,2
57,B,A,A,61.1,2,1,1
58,B,E,B,40.0,2,5,2
59,A,E,C,52.3,1,5,3
60,E,E,C,32.2,5,5,3
61,B,B,A,38.8,2,2,1
62,D,D,F,37.9,4,4,6
63,B,C,B,53.8,2,3,2
64,E,B,B,37.4,5,2,2
65,A,A,A,36.6,1,1,1
66,B,C,C,24.9,2,3,3
67,A,B,A,50.4,1,2,1
68,A,A,B,21.9,1,1,2
69,D,B,B,37.9,4,2,2
70,B,B,A,36.2,2,2,1
71,A,B,B,42.1,1,2,2
72,A,A,A,36.2,1,1,1
73,A,B,B,54.9,1,2,2
74,A,B,A,36.6,1,2,1
75,B,C,B,46.5,2,3,2
76,B,B,C,45.7,2,2,3
77,A,A,B,27.8,1,1,2
78,C,B,B,47.1,3,2,2
79,B,E,B,51.0,2,5,2
80,A,C,A,51.2,1,3,1
81,B,B,A,26.2,2,2,1
82,C,B,C,48.3,3,2,3
83,B,B,A,61.4,2,2,1
84,B,B,A,30.9,2,2,1
85,D,E,A,27.2,4,5,1
86,B,B,A,57.9,2,2,1
87,D,B,B,37.6,4,2,2
88,C,C,A,32.4,3,3,1
89,A,A,A,44.0,1,1,1
90,E,D,B,34.1,5,4,2
91,B,B,A,38.7,2,2,1
92,B,B,A,36.8,2,2,1
93,D,F,B,47.3,4,6,2
94,B,B,A,43.4,2,2,1
95,B,B,A,36.8,2,2,1
96,A,B,A,59.7,1,2,1
97,C,B,A,71.5,3,2,1
98,A,A,B,51.7,1,1,2
99,B,D,A,50.3,2,4,1
100,B,D,B,65.1,2,4,2
101,C,A,A,58.6,3,1,1
102,A,D,A,37.8,1,4,1
103,C,C,B,39.4,3,3,2
104,B,E,D,61.1,2,5,4
105,B,D,A,66.3,2,4,1
106,C,D,B,51.4,3,4,2
107,B,B,A,66.5,2,2,1
108,B,B,B,61.5,2,2,2
109,C,C,A,48.0,3,3,1
110,B,D,A,50.7,2,4,1
111,B,B,A,35.7,2,2,1
112,B,B,A,35.3,2,2,1
113,B,B,A,26.4,2,2,1
114,A,D,A,20.8,1,4,1
115,E,B,D,52.2,5,2,4
116,A,A,B,56.0,1,1,2
117,B,A,A,52.0,2,1,1
118,B,B,C,53.0,2,2,3
119,B,B,A,53.0,2,2,1
120,D,F,B,58.7,4,6,2
121,B,D,A,65.0,2,4,1
122,A,A,A,32.5,1,1,1
123,A,B,A,49.5,1,2,1
124,A,B,B,65.8,1,2,2
125,D,B,A,38.7,4,2,1
126,B,B,B,44.8,2,2,2
127,B,C,C,67.0,2,3,3
128,D,B,A,54.9,4,2,1
129,E,E,B,65.2,5,5,2
130,D,E,D,42.6,4,5,4
131,A,B,A,56.2,1,2,1
132,D,B,A,58.5,4,2,1
133,B,B,A,46.2,2,2,1
134,D,D,A,58.5,4,4,1
135,B,B,A,36.2,2,2,1
136,B,F,B,50.2,2,6,2
137,C,B,A,74.5,3,2,1
138,D,D,D,47.0,4,4,4
139,B,B,A,48.3,2,2,1
140,D,C,C,69.6,4,3,3
141,B,B,A,59.9,2,2,1
142,A,A,A,58.4,1,1,1
143,A,A,A,46.8,1,1,1
144,A,B,A,29.3,1,2,1
145,B,B,B,46.0,2,2,2
146,B,A,A,35.6,2,1,1
147,B,C,A,66.8,2,3,1
148,B,C,A,66.0,2,3,1
149,B,B,A,51.4,2,2,1
150,B,B,A,65.0,2,2,1
151,A,A,C,65.7,1,1,3
152,D,D,C,58.5,4,4,3
153,D,B,A,48.3,4,2,1
154,B,B,B,45.0,2,2,2
155,B,D,A,44.9,2,4,1
156,B,D,A,45.3,2,4,1
157,A,B,A,43.9,1,2,1
158,B,C,B,30.6,2,3,2
159,B,B,A,62.6,2,2,1
160,A,B,A,46.3,1,2,1
161,B,C,A,52.1,2,3,1
162,D,C,B,46.5,4,3,2
163,B,C,A,59.8,2,3,1
164,B,B,A,49.5,2,2,1
165,D,D,A,23.4,4,4,1
166,A,A,A,54.0,1,1,1
167,B,D,A,29.5,2,4,1
168,A,C,A,59.7,1,3,1
169,A,B,A,48.2,1,2,1
170,A,C,A,54.8,1,3,1
171,B,B,A,29.5,2,2,1
172,D,C,C,50.2,4,3,3
173,B,B,A,57.5,2,2,1
174,B,B,B,70.0,2,2,2
175,D,B,A,48.9,4,2,1
176,C,C,F,65.7,3,3,6
177,B,B,A,35.2,2,2,1
178,B,C,B,44.3,2,3,2
179,B,D,B,69.6,2,4,2
180,A,A,B,39.9,1,1,2
181,B,B,A,33.4,2,2,1
182,A,B,B,40.0,1,2,2
183,B,B,A,45.6,2,2,1
184,B,B,B,30.4,2,2,2
185,B,E,B,40.9,2,5,2
186,A,B,B,49.6,1,2,2
187,D,C,A,46.7,4,3,1
188,A,B,C,32.6,1,2,3
189,D,D,A,22.6,4,4,1
190,B,A,A,48.9,2,1,1
191,C,C,A,62.6,3,3,1
192,D,D,A,53.3,4,4,1
193,C,B,A,39.8,3,2,1
194,B,C,B,34.0,2,3,2
195,B,B,A,53.0,2,2,1
196,B,B,B,47.3,2,2,2
197,B,B,B,58.4,2,2,2
198,B,B,A,59.2,2,2,1
199,A,B,A,37.0,1,2,1
200,F,B,C,61.0,6,2,3
201,B,D,A,41.9,2,4,1
202,C,B,A,58.6,3,2,1
203,A,B,B,40.3,1,2,2
204,B,D,B,39.6,2,4,2
205,B,B,A,58.9,2,2,1
207,D,E,B,55.2,4,5,2
208,C,C,A,55.0,3,3,1
209,B,C,C,71.3,2,3,3
210,E,E,A,57.7,5,5,1
211,C,D,B,73.4,3,4,2
212,A,D,A,59.6,1,4,1
213,B,B,A,52.4,2,2,1
214,D,D,C,70.0,4,4,3
215,D,E,B,57.5,4,5,2
216,D,B,A,46.8,4,2,1
217,D,E,A,44.5,4,5,1
218,A,B,C,65.7,1,2,3
219,A,F,A,65.0,1,6,1
220,B,C,A,57.8,2,3,1
221,C,B,A,52.4,3,2,1
222,B,D,A,51.6,2,4,1
223,D,E,A,60.7,4,5,1
224,F,F,F,63.5,6,6,6
225,A,A,A,45.5,1,1,1
226,D,D,B,46.0,4,4,2
227,E,E,F,44.3,5,5,6
228,C,D,B,21.4,3,4,2
229,E,E,F,59.2,5,5,6
230,D,E,F,38.0,4,5,6
231,D,E,C,39.4,4,5,3
232,B,E,C,37.4,2,5,3
233,D,D,D,67.0,4,4,4
234,E,E,E,49.3,5,5,5
235,B,B,A,36.8,2,2,1
236,C,C,A,49.5,3,3,1
237,E,E,B,46.1,5,5,2
238,D,E,B,40.8,4,5,2
239,A,B,B,59.6,1,2,2
240,D,E,C,42.9,4,5,3
241,C,D,C,40.0,3,4,3
242,B,E,B,57.2,2,5,2
243,B,D,E,40.2,2,4,5
244,D,D,F,43.6,4,4,6
245,E,D,D,46.3,5,4,4
246,D,E,E,57.2,4,5,5
247,E,E,F,55.2,5,5,6
248,D,D,E,61.8,4,4,5
249,D,F,C,59.5,4,6,3
250,D,E,A,41.9,4,5,1
251,D,F,D,33.1,4,6,4
252,E,F,E,37.3,5,6,5
253,D,E,E,47.3,4,5,5
254,D,D,B,34.3,4,4,2
255,D,D,B,42.9,4,4,2
256,E,D,F,28.8,5,4,6
257,D,F,C,53.4,4,6,3
258,A,B,A,41.8,1,2,1
259,F,D,D,58.4,6,4,4
260,D,F,F,38.6,4,6,6
261,D,E,D,37.8,4,5,4
262,A,B,E,71.4,1,2,5
263,D,F,A,26.9,4,6,1
264,D,D,B,68.8,4,4,2
265,D,E,E,48.3,4,5,5
266,D,E,C,56.6,4,5,3
267,D,E,F,25.3,4,5,6
268,F,F,F,53.2,6,6,6
269,D,D,C,56.1,4,4,3
270,E,E,F,42.0,5,5,6
271,E,D,C,52.4,5,4,3
272,C,B,B,68.1,3,2,2
273,E,D,E,44.3,5,4,5
274,C,D,C,69.9,3,4,3
275,E,E,C,34.1,5,5,3
276,E,D,C,36.5,5,4,3
277,D,D,B,38.5,4,4,2
278,D,E,C,44.9,4,5,3
279,E,E,C,42.9,5,5,3
280,E,E,E,42.0,5,5,5
281,B,E,E,44.1,2,5,5
282,E,D,B,30.6,5,4,2
283,C,D,B,65.7,3,4,2
284,D,D,C,59.7,4,4,3
285,D,D,C,52.5,4,4,3
286,E,E,D,39.8,5,5,4
287,E,D,C,34.3,5,4,3
288,E,E,B,41.9,5,5,2
289,D,E,B,51.1,4,5,2
290,B,B,C,53.1,2,2,3
291,B,B,B,24.9,2,2,2
292,F,D,F,47.7,6,4,6
293,D,D,A,43.9,4,4,1
294,B,D,B,43.9,2,4,2
295,E,E,F,45.8,5,5,6
296,B,D,C,23.3,2,4,3
297,D,E,E,26.9,4,5,5
298,C,B,B,42.7,3,2,2
299,E,E,E,57.7,5,5,5
300,C,D,A,30.4,3,4,1
301,F,E,E,51.0,6,5,5
302,E,E,D,53.5,5,5,4
303,D,D,C,44.2,4,4,3
304,D,D,B,24.6,4,4,2
305,D,E,B,42.1,4,5,2
306,D,D,F,27.6,4,4,6
307,D,E,C,70.0,4,5,3
308,D,D,B,40.8,4,4,2
309,D,D,C,53.3,4,4,3
310,F,F,E,30.4,6,6,5
311,D,D,A,25.2,4,4,1
312,F,C,E,63.6,6,3,5
313,C,E,B,50.8,3,5,2
314,F,D,B,28.0,6,4,2
315,F,E,C,61.3,6,5,3
316,D,D,C,48.2,4,4,3
317,D,F,E,69.4,4,6,5
318,E,E,C,57.1,5,5,3
319,E,F,D,42.5,5,6,4
321,D,F,D,64.2,4,6,4
322,D,F,B,38.8,4,6,2
323,E,E,C,63.9,5,5,3
324,F,E,F,50.0,6,5,6
325,D,D,D,25.1,4,4,4
326,D,F,E,57.3,4,6,5
327,D,D,B,37.5,4,4,2
328,F,D,E,61.5,6,4,5
329,C,C,A,42.2,3,3,1
330,E,F,F,57.4,5,6,6
331,E,E,D,45.9,5,5,4
332,D,E,C,60.9,4,5,3
333,D,C,C,49.1,4,3,3
334,D,E,C,49.9,4,5,3
335,D,D,B,28.4,4,4,2
336,E,C,C,17.6,5,3,3
337,E,D,C,39.2,5,4,3
338,D,D,A,55.6,4,4,1
339,A,B,A,33.3,1,2,1
340,E,E,C,48.8,5,5,3
341,D,E,F,38.8,4,5,6
342,D,F,E,27.7,4,6,5
343,D,F,E,48.4,4,6,5
344,E,F,E,61.5,5,6,5
345,F,F,F,36.5,6,6,6
346,D,D,G,21.9,4,4,7
347,E,E,C,33.4,5,5,3
348,D,B,A,37.5,4,2,1
349,E,E,D,50.3,5,5,4
350,E,E,E,32.8,5,5,5
351,D,D,E,39.0,4,4,5
352,E,D,B,47.9,5,4,2
353,D,E,B,30.3,4,5,2
354,B,D,C,57.2,2,4,3
355,F,E,D,54.9,6,5,4
356,C,F,B,69.0,3,6,2
357,D,D,D,36.6,4,4,4
358,E,F,C,30.0,5,6,3
359,C,C,B,56.5,3,3,2
361,D,E,E,48.0,4,5,5
362,E,F,G,44.2,5,6,7
363,D,E,F,58.2,4,5,6
364,E,E,E,26.2,5,5,5
365,E,E,E,56.4,5,5,5
366,E,E,E,39.9,5,5,5
367,E,F,F,45.6,5,6,6
368,E,F,D,51.2,5,6,4
369,B,D,B,46.0,2,4,2
370,F,F,E,57.2,6,6,5
371,C,F,D,47.4,3,6,4
372,E,E,E,37.4,5,5,5
373,E,E,D,52.4,5,5,4
374,F,F,C,52.6,6,6,3
375,D,D,B,60.7,4,4,2
376,D,D,A,41.6,4,4,1
377,B,B,A,35.9,2,2,1
378,D,E,A,54.1,4,5,1
379,D,D,B,61.4,4,4,2
380,E,E,E,48.0,5,5,5
381,D,D,C,53.3,4,4,3
382,B,F,A,58.5,2,6,1
383,E,E,A,71.4,5,5,1
384,F,F,E,48.9,6,6,5
385,E,E,D,41.8,5,5,4
386,F,D,F,39.8,6,4,6
387,F,F,C,45.9,6,6,3
388,E,D,A,66.1,5,4,1
389,D,F,E,65.9,4,6,5
390,D,D,A,59.3,4,4,1
391,F,F,E,77.5,6,6,5
392,E,E,F,40.2,5,5,6
393,B,B,E,67.9,2,2,5
394,D,D,D,74.9,4,4,4
395,D,E,B,58.1,4,5,2
396,D,F,C,45.0,4,6,3
397,E,F,E,58.9,5,6,5
398,B,C,B,65.5,2,3,2
399,D,E,C,24.2,4,5,3
400,B,D,D,52.3,2,4,4
401,B,B,A,54.4,2,2,1
402,D,D,B,58.9,4,4,2
403,D,D,B,77.2,4,4,2
404,D,E,E,41.8,4,5,5
405,D,E,B,40.7,4,5,2
406,D,E,C,75.7,4,5,3
407,F,E,E,52.3,6,5,5
408,D,D,C,74.7,4,4,3
409,D,E,C,49.2,4,5,3
410,E,E,F,52.9,5,5,6
411,D,D,F,48.7,4,4,6
412,A,B,C,55.1,1,2,3
413,F,D,F,51.4,6,4,6
414,D,E,E,70.5,4,5,5
415,E,D,E,66.2,5,4,5
416,E,D,C,62.2,5,4,3
417,D,D,E,54.6,4,4,5
418,D,D,F,41.4,4,4,6
419,D,E,D,69.6,4,5,4
420,E,E,B,56.7,5,5,2
421,F,E,G,50.0,6,5,7
422,E,E,B,70.1,5,5,2
423,B,F,B,39.1,2,6,2
424,D,E,E,60.8,4,5,5
425,E,D,E,67.8,5,4,5
426,E,E,E,54.3,5,5,5
427,E,E,E,65.0,5,5,5
428,E,F,E,66.8,5,6,5
429,E,D,C,46.3,5,4,3
430,E,E,B,45.1,5,5,2
431,F,D,F,73.6,6,4,6
432,D,D,D,73.4,4,4,4
433,B,D,B,26.9,2,4,2
434,D,E,C,69.9,4,5,3
435,D,D,C,55.9,4,4,3
436,C,F,C,42.1,3,6,3
437,B,E,B,46.1,2,5,2
438,D,D,B,48.7,4,4,2
439,D,E,B,69.8,4,5,2
440,B,D,E,54.2,2,4,5
441,F,F,E,65.1,6,6,5
442,D,E,A,51.5,4,5,1
443,D,F,D,49.2,4,6,4
444,D,D,C,45.5,4,4,3
445,E,E,D,53.9,5,5,4
446,D,D,C,70.3,4,4,3
447,E,E,E,53.5,5,5,5
448,F,E,F,59.7,6,5,6
449,A,B,A,44.9,1,2,1
450,D,F,B,56.4,4,6,2
451,D,D,C,71.1,4,4,3
452,C,E,B,50.9,3,5,2
453,B,E,C,58.1,2,5,3
454,E,E,E,59.5,5,5,5
455,D,F,D,62.1,4,6,4
456,B,E,B,70.8,2,5,2
457,E,E,C,70.8,5,5,3
458,E,E,B,72.4,5,5,2
459,F,D,E,66.3,6,4,5
460,C,F,B,77.4,3,6,2
461,E,D,C,56.7,5,4,3
462,E,F,F,61.3,5,6,6
463,D,D,B,69.0,4,4,2
464,F,F,E,73.6,6,6,5
465,E,E,D,58.9,5,5,4
466,D,E,A,45.7,4,5,1
467,D,D,B,52.4,4,4,2
468,C,D,D,50.6,3,4,4
469,E,E,F,51.6,5,5,6
470,D,E,E,57.7,4,5,5
471,F,F,F,60.5,6,6,6
472,E,F,B,45.4,5,6,2
473,D,E,E,63.7,4,5,5
474,F,D,B,52.1,6,4,2
475,D,D,A,49.7,4,4,1
476,C,E,B,28.9,3,5,2
477,D,D,A,51.6,4,4,1
478,E,E,F,41.3,5,5,6
479,E,C,E,45.2,5,3,5
480,D,E,C,59.9,4,5,3
481,D,D,D,55.4,4,4,4
482,F,E,E,34.8,6,5,5
483,A,A,A,46.8,1,1,1
484,D,F,B,33.8,4,6,2
485,B,D,A,42.0,2,4,1
486,E,E,G,47.9,5,5,7
487,D,D,E,47.2,4,4,5
488,D,D,B,56.6,4,4,2
489,D,D,B,32.0,4,4,2
490,D,C,C,55.2,4,3,3
491,D,D,B,45.8,4,4,2
492,D,E,D,31.1,4,5,4
493,C,D,B,44.3,3,4,2
494,D,F,C,57.6,4,6,3
495,D,E,B,55.0,4,5,2
496,E,F,E,52.1,5,6,5
497,E,F,C,40.2,5,6,3
498,C,F,D,58.5,3,6,4
499,D,D,A,54.2,4,4,1
500,E,D,D,31.4,5,4,4
501,E,D,B,36.9,5,4,2
502,D,C,B,64.6,4,3,2
503,D,E,A,30.7,4,5,1
504,D,E,D,39.0,4,5,4
505,C,E,B,31.9,3,5,2
506,C,D,D,49.4,3,4,4
507,D,C,C,43.9,4,3,3
508,B,C,B,38.9,2,3,2
509,D,E,B,35.0,4,5,2
510,F,D,E,43.2,6,4,5
511,B,B,A,30.6,2,2,1
512,E,D,B,51.3,5,4,2
513,F,E,F,49.0,6,5,6
514,D,D,B,32.8,4,4,2
515,D,D,B,44.6,4,4,2
516,D,F,C,39.4,4,6,3
517,D,D,A,31.8,4,4,1
518,F,E,E,43.8,6,5,5
519,E,F,C,46.9,5,6,3
520,D,E,B,48.7,4,5,2
521,B,E,B,54.8,2,5,2
522,E,E,E,53.1,5,5,5
523,D,D,C,56.0,4,4,3
524,F,E,F,35.5,6,5,6
525,E,E,E,46.0,5,5,5
526,E,D,E,27.9,5,4,5
527,F,F,E,34.8,6,6,5
528,E,E,C,49.0,5,5,3
529,F,F,C,49.1,6,6,3
530,D,E,D,59.0,4,5,4
531,D,D,D,38.9,4,4,4
532,C,D,B,29.0,3,4,2
533,C,D,C,47.4,3,4,3
534,E,E,C,31.7,5,5,3
535,C,C,A,37.1,3,3,1
536,C,D,C,33.5,3,4,3
537,D,E,D,43.9,4,5,4
538,D,D,C,60.6,4,4,3
539,E,D,E,36.0,5,4,5
540,E,E,C,49.0,5,5,3
541,B,F,B,38.1,2,6,2
542,D,D,C,59.1,4,4,3
543,C,D,B,44.0,3,4,2
544,D,E,B,44.5,4,5,2
545,D,E,C,46.9,4,5,3
546,D,D,D,48.8,4,4,4
547,D,D,C,40.1,4,4,3
548,E,E,D,42.1,5,5,4
549,E,E,F,50.4,5,5,6
550,F,F,E,64.5,6,6,5
551,D,B,B,57.3,4,2,2
552,D,F,A,32.6,4,6,1
553,D,F,D,56.6,4,6,4
554,E,F,F,60.6,5,6,6
555,D,E,C,64.2,4,5,3
556,B,B,B,59.2,2,2,2
557,E,D,B,34.9,5,4,2
558,A,B,A,43.8,1,2,1
559,E,D,B,39.0,5,4,2
560,F,F,G,74.7,6,6,7
561,D,D,E,41.4,4,4,5
562,E,E,D,46.9,5,5,4
563,B,F,A,56.4,2,6,1
564,A,D,C,37.8,1,4,3
565,D,F,B,50.5,4,6,2
566,C,C,B,67.6,3,3,2
567,E,F,E,59.1,5,6,5
568,E,E,C,36.3,5,5,3
569,E,E,E,53.9,5,5,5
570,E,E,D,45.9,5,5,4
571,D,B,C,69.1,4,2,3
572,E,D,F,62.8,5,4,6
573,B,D,A,36.5,2,4,1
574,D,E,B,59.9,4,5,2
575,E,E,C,41.9,5,5,3
576,D,F,B,41.4,4,6,2
577,D,F,C,61.7,4,6,3
578,B,C,B,34.9,2,3,2
579,D,F,D,62.3,4,6,4
580,D,E,D,45.9,4,5,4
581,C,F,F,43.8,3,6,6
582,C,E,B,67.7,3,5,2
583,E,D,B,68.1,5,4,2
584,E,E,E,53.6,5,5,5
585,D,F,E,51.1,4,6,5
586,D,D,D,78.1,4,4,4
587,D,E,D,34.7,4,5,4
588,E,F,D,67.0,5,6,4
589,D,E,C,43.9,4,5,3
590,D,E,B,49.1,4,5,2
591,F,C,B,42.8,6,3,2
592,E,E,B,71.2,5,5,2
593,C,D,B,18.8,3,4,2
594,E,D,C,48.5,5,4,3
595,D,E,C,31.7,4,5,3
596,B,D,B,48.7,2,4,2
597,D,C,B,60.1,4,3,2
598,E,E,B,49.5,5,5,2
599,C,C,B,23.1,3,3,2
600,D,F,E,63.7,4,6,5
601,F,E,E,44.4,6,5,5
602,D,D,A,63.2,4,4,1
603,D,D,A,58.7,4,4,1
604,D,D,B,48.9,4,4,2
605,B,B,A,36.9,2,2,1
606,C,D,C,60.2,3,4,3
607,E,D,A,49.4,5,4,1
608,D,F,A,69.1,4,6,1
609,D,C,A,62.2,4,3,1
610,B,C,C,41.5,2,3,3
611,B,E,B,36.4,2,5,2
612,E,E,F,40.7,5,5,6
613,D,E,B,43.2,4,5,2
614,E,E,D,41.3,5,5,4
615,D,D,B,57.3,4,4,2
616,D,D,D,46.0,4,4,4
617,B,D,B,41.6,2,4,2
618,B,D,B,42.1,2,4,2
619,D,D,B,38.8,4,4,2
620,F,E,E,43.9,6,5,5
621,F,F,E,30.7,6,6,5
622,C,C,B,38.3,3,3,2
623,D,C,B,52.0,4,3,2
624,B,A,B,39.8,2,1,2
625,F,F,G,56.9,6,6,7
626,C,E,B,52.0,3,5,2
627,D,C,A,30.4,4,3,1
628,D,D,B,51.8,4,4,2
629,D,F,C,36.8,4,6,3
630,C,D,C,36.5,3,4,3
631,C,B,B,45.9,3,2,2
632,D,E,B,46.8,4,5,2
633,E,E,D,34.1,5,5,4
634,B,E,C,40.7,2,5,3
635,B,C,A,45.2,2,3,1
636,E,E,A,49.2,5,5,1
637,D,C,C,43.8,4,3,3
638,D,E,B,42.0,4,5,2
639,E,E,F,36.4,5,5,6
640,E,E,A,31.1,5,5,1
641,D,D,A,45.5,4,4,1
642,D,D,B,35.2,4,4,2
643,B,E,A,46.6,2,5,1
644,C,D,A,46.9,3,4,1
645,A,D,A,44.1,1,4,1
646,B,D,A,41.4,2,4,1
647,D,C,C,32.7,4,3,3
648,D,E,F,34.8,4,5,6
649,D,D,B,48.4,4,4,2
650,E,D,C,54.4,5,4,3
651,E,E,C,36.5,5,5,3
652,B,C,A,38.3,2,3,1
653,B,D,B,44.7,2,4,2
654,B,F,D,47.5,2,6,4
655,D,C,C,57.4,4,3,3
656,E,D,B,35.7,5,4,2
657,B,B,B,29.5,2,2,2
658,E,D,B,44.0,5,4,2
659,E,E,D,61.4,5,5,4
660,E,D,E,59.9,5,4,5
661,C,D,B,55.0,3,4,2
662,B,B,B,47.9,2,2,2
663,C,E,C,36.3,3,5,3
664,F,E,F,62.5,6,5,6
665,D,D,C,52.4,4,4,3
666,D,D,C,37.5,4,4,3
667,E,E,E,61.3,5,5,5
668,E,E,F,71.0,5,5,6
669,B,D,B,49.6,2,4,2
670,D,D,B,39.2,4,4,2
671,F,F,F,68.4,6,6,6
672,D,E,F,43.0,4,5,6
673,E,F,E,77.0,5,6,5
674,E,F,F,69.0,5,6,6
675,E,E,A,80.8,5,5,1
676,C,D,B,37.2,3,4,2
677,B,D,C,60.6,2,4,3
678,B,B,B,49.0,2,2,2
679,B,E,E,46.3,2,5,5
680,F,F,F,55.0,6,6,6
681,D,D,B,43.1,4,4,2
682,D,D,B,59.3,4,4,2
683,E,E,F,70.7,5,5,6
684,D,E,E,42.3,4,5,5
685,E,D,E,48.6,5,4,5
686,E,D,E,57.8,5,4,5
687,D,D,A,46.1,4,4,1
688,C,C,C,43.8,3,3,3
689,D,B,C,59.3,4,2,3
690,B,C,B,54.3,2,3,2
691,B,C,B,51.1,2,3,2
692,D,D,C,50.7,4,4,3
693,E,D,C,55.9,5,4,3
694,E,C,A,45.1,5,3,1
695,E,E,F,50.3,5,5,6
696,F,E,F,49.6,6,5,6
697,E,D,B,41.7,5,4,2
698,E,E,C,37.4,5,5,3
699,D,D,C,41.8,4,4,3
700,E,D,A,74.6,5,4,1
701,D,E,D,56.3,4,5,4
702,B,B,C,42.3,2,2,3
703,D,D,D,52.1,4,4,4
704,E,D,A,37.5,5,4,1
705,E,E,E,73.3,5,5,5
706,D,E,C,51.7,4,5,3
707,D,D,C,73.5,4,4,3
708,D,E,C,53.1,4,5,3
709,D,D,C,50.4,4,4,3
710,E,E,D,42.4,5,5,4
711,D,E,B,66.8,4,5,2
712,C,E,C,49.9,3,5,3
713,D,E,E,58.0,4,5,5
714,D,F,D,58.8,4,6,4
715,D,E,B,79.0,4,5,2
716,F,D,F,43.8,6,4,6
717,E,E,F,88.6,5,5,6
718,D,F,D,59.1,4,6,4
719,C,E,E,47.4,3,5,5
720,B,D,C,63.1,2,4,3
721,D,E,F,76.8,4,5,6
722,A,A,A,51.0,1,1,1
723,B,D,C,39.8,2,4,3
724,D,D,C,30.5,4,4,3
725,B,E,B,45.5,2,5,2
726,D,C,B,33.8,4,3,2
727,B,C,A,16.6,2,3,1
728,B,D,A,42.1,2,4,1
729,D,E,A,69.1,4,5,1
730,C,B,A,54.6,3,2,1
731,C,B,A,59.3,3,2,1
732,D,C,B,58.5,4,3,2
733,B,C,A,66.8,2,3,1
734,B,C,A,46.7,2,3,1
735,D,C,A,47.1,4,3,1
736,D,D,C,54.8,4,4,3
737,B,D,A,30.4,2,4,1
738,A,B,A,50.1,1,2,1
739,B,B,A,44.3,2,2,1
740,B,D,A,64.7,2,4,1
741,B,B,C,41.3,2,2,3
742,B,C,B,21.4,2,3,2
743,C,B,A,47.8,3,2,1
744,D,D,A,62.9,4,4,1
745,C,C,B,39.1,3,3,2
746,D,C,A,48.1,4,3,1
747,B,B,A,73.4,2,2,1
748,D,E,B,59.2,4,5,2
749,B,C,A,30.0,2,3,1
750,D,E,E,53.0,4,5,5
751,D,E,A,46.9,4,5,1
752,C,C,A,35.3,3,3,1
753,B,B,A,48.9,2,2,1
754,A,B,A,69.3,1,2,1
755,D,E,E,49.3,4,5,5
756,D,B,A,44.2,4,2,1
757,C,D,A,37.9,3,4,1
758,A,B,B,65.3,1,2,2
759,D,D,B,75.0,4,4,2
760,A,A,C,23.6,1,1,3
761,B,B,A,52.6,2,2,1
762,B,E,C,57.2,2,5,3
763,C,D,B,64.0,3,4,2
764,D,D,A,51.6,4,4,1
765,D,D,B,37.3,4,4,2
766,C,D,A,65.5,3,4,1
767,C,C,B,29.9,3,3,2
768,D,D,C,67.6,4,4,3
769,D,D,A,47.1,4,4,1
770,D,F,B,54.2,4,6,2
771,B,B,D,33.0,2,2,4
772,E,E,D,65.2,5,5,4
773,E,C,B,27.7,5,3,2
774,B,A,C,15.3,2,1,3
775,B,B,B,41.4,2,2,2
776,D,D,A,31.6,4,4,1
777,B,D,C,55.4,2,4,3
778,A,A,A,30.3,1,1,1
779,E,C,C,49.5,5,3,3
780,D,D,C,45.6,4,4,3
781,B,D,A,39.5,2,4,1
782,A,F,A,41.9,1,6,1
783,C,B,B,49.2,3,2,2
784,B,B,B,34.9,2,2,2
785,D,B,A,47.9,4,2,1
786,A,D,A,56.4,1,4,1
787,D,C,B,40.0,4,3,2
788,A,A,A,45.3,1,1,1
789,D,D,A,54.7,4,4,1
790,B,C,C,51.2,2,3,3
791,B,B,A,42.2,2,2,1
792,F,E,C,57.9,6,5,3
793,C,B,B,51.4,3,2,2
794,D,C,B,62.5,4,3,2
795,E,D,B,48.6,5,4,2
796,D,D,A,62.8,4,4,1
797,B,B,A,42.6,2,2,1
798,E,F,C,59.2,5,6,3
799,C,E,B,58.7,3,5,2
800,E,F,F,66.2,5,6,6
801,D,F,D,80.8,4,6,4
802,A,C,A,47.0,1,3,1
803,B,B,A,40.7,2,2,1
804,C,D,A,54.4,3,4,1
805,B,B,A,48.9,2,2,1
806,C,D,B,52.5,3,4,2
807,D,D,A,34.5,4,4,1
808,B,C,A,41.5,2,3,1
809,E,D,C,45.5,5,4,3
810,A,B,A,64.8,1,2,1
811,B,E,B,29.9,2,5,2
812,B,B,C,38.7,2,2,3
813,D,A,A,59.0,4,1,1
814,B,A,B,50.4,2,1,2
815,E,F,A,43.7,5,6,1
816,B,B,A,55.2,2,2,1
817,D,D,A,70.7,4,4,1
818,C,B,A,49.2,3,2,1
819,B,B,A,53.5,2,2,1
820,B,B,A,47.4,2,2,1
821,B,C,B,37.4,2,3,2
822,E,C,A,63.3,5,3,1
823,A,A,B,36.8,1,1,2
824,C,C,A,50.2,3,3,1
825,D,D,A,38.5,4,4,1
826,A,B,A,56.7,1,2,1
827,A,A,A,41.6,1,1,1
828,A,D,A,45.3,1,4,1
829,D,B,C,60.1,4,2,3
830,A,B,A,41.6,1,2,1
831,A,B,A,61.9,1,2,1
832,B,B,A,60.7,2,2,1
833,B,B,A,60.7,2,2,1
834,A,B,B,62.4,1,2,2
835,D,B,A,41.2,4,2,1
836,D,D,D,74.3,4,4,4
837,D,F,C,63.8,4,6,3
838,D,C,A,54.7,4,3,1
839,D,D,B,64.6,4,4,2
840,B,D,A,78.1,2,4,1
841,B,D,A,63.5,2,4,1
842,C,D,A,61.0,3,4,1
843,A,C,A,21.0,1,3,1
844,B,C,A,37.3,2,3,1
845,B,B,A,33.9,2,2,1
846,E,C,A,40.8,5,3,1
847,B,D,A,39.5,2,4,1
848,B,C,B,55.1,2,3,2
849,B,B,B,33.1,2,2,2
850,D,E,C,58.8,4,5,3
851,D,D,D,37.3,4,4,4
852,D,C,A,33.0,4,3,1
853,D,F,A,52.8,4,6,1
854,A,D,B,32.8,1,4,2
855,B,D,B,56.5,2,4,2
856,F,B,C,46.0,6,2,3
857,B,B,B,37.5,2,2,2
858,C,F,A,45.0,3,6,1
859,B,E,B,50.4,2,5,2
860,B,B,C,44.0,2,2,3
861,B,C,B,40.1,2,3,2
862,D,A,A,50.0,4,1,1
863,D,E,B,47.1,4,5,2
864,D,B,A,49.6,4,2,1
865,D,E,A,54.5,4,5,1
866,D,D,A,24.0,4,4,1
867,D,D,A,48.1,4,4,1
868,F,F,F,30.7,6,6,6
869,B,E,B,56.8,2,5,2
870,E,D,B,44.2,5,4,2
871,E,E,A,28.5,5,5,1
872,D,E,B,39.1,4,5,2
873,D,F,B,41.8,4,6,2
874,B,D,B,33.9,2,4,2
875,E,F,D,58.3,5,6,4
876,B,C,B,45.4,2,3,2
877,C,C,C,53.1,3,3,3
878,E,E,E,42.7,5,5,5
879,B,C,B,44.9,2,3,2
880,D,D,B,69.2,4,4,2
881,B,C,A,27.8,2,3,1
882,D,D,C,36.3,4,4,3
883,E,F,B,46.2,5,6,2
884,C,D,C,55.6,3,4,3
885,D,C,F,55.8,4,3,6
886,A,D,A,19.1,1,4,1
887,C,D,A,55.9,3,4,1
888,D,F,B,46.7,4,6,2
889,D,E,E,27.3,4,5,5
890,F,F,G,51.4,6,6,7
891,E,F,G,51.1,5,6,7
892,E,D,B,41.6,5,4,2
893,B,C,B,49.1,2,3,2
894,E,E,E,48.4,5,5,5
895,F,E,E,45.7,6,5,5
896,D,E,A,52.5,4,5,1
897,B,B,A,46.4,2,2,1
898,A,E,B,25.8,1,5,2
899,C,D,B,43.1,3,4,2
900,D,E,C,55.3,4,5,3
901,C,D,A,63.0,3,4,1
902,E,D,B,48.5,5,4,2
903,D,F,B,25.5,4,6,2
904,D,B,A,55.6,4,2,1
905,D,E,C,52.5,4,5,3
906,D,D,D,32.8,4,4,4
907,A,A,B,56.6,1,1,2
908,D,E,A,33.5,4,5,1
909,F,E,C,48.4,6,5,3
910,A,A,B,27.8,1,1,2
911,C,E,C,51.6,3,5,3
912,D,C,A,27.4,4,3,1
913,D,B,A,22.3,4,2,1
914,E,F,B,50.6,5,6,2
915,C,B,F,52.5,3,2,6
916,A,D,B,29.1,1,4,2
917,D,D,A,40.4,4,4,1
918,A,D,A,49.8,1,4,1
919,C,D,B,36.9,3,4,2
920,B,E,A,49.4,2,5,1
921,E,F,B,38.8,5,6,2
922,D,D,C,70.4,4,4,3
923,B,D,A,40.6,2,4,1
924,D,E,B,53.9,4,5,2
925,C,D,A,39.9,3,4,1
926,C,B,A,34.4,3,2,1
927,D,D,A,60.8,4,4,1
928,C,C,A,29.1,3,3,1
929,B,E,A,34.3,2,5,1
930,A,F,B,46.8,1,6,2
931,D,D,A,36.0,4,4,1
932,C,C,A,32.1,3,3,1
933,B,E,B,28.7,2,5,2
934,D,D,A,39.2,4,4,1
935,B,E,C,54.9,2,5,3
936,B,C,A,35.4,2,3,1
937,D,C,A,60.0,4,3,1
938,B,B,A,54.0,2,2,1
939,B,E,C,54.4,2,5,3
940,B,B,B,20.0,2,2,2
941,A,B,A,45.2,1,2,1
942,A,B,B,42.8,1,2,2
943,C,B,B,47.0,3,2,2
944,C,D,A,38.2,3,4,1
945,C,B,B,46.5,3,2,2
946,B,B,B,65.0,2,2,2
947,D,B,C,38.3,4,2,3
948,A,D,A,40.6,1,4,1
949,B,B,B,32.1,2,2,2
950,B,B,A,34.3,2,2,1
951,E,C,B,53.3,5,3,2
952,C,D,A,31.7,3,4,1
953,B,B,A,49.8,2,2,1
954,A,B,A,35.6,1,2,1
955,E,E,A,69.5,5,5,1
956,B,C,A,51.1,2,3,1
957,C,D,A,46.8,3,4,1
958,B,B,A,35.5,2,2,1
959,B,B,A,42.8,2,2,1
960,C,B,A,33.4,3,2,1
961,D,D,B,35.6,4,4,2
962,C,C,B,55.7,3,3,2
963,A,B,A,54.3,1,2,1
964,B,C,A,66.3,2,3,1
965,A,B,A,37.4,1,2,1
966,C,C,A,59.1,3,3,1
967,C,E,A,37.6,3,5,1
968,B,B,C,40.5,2,2,3
969,B,B,A,55.6,2,2,1
970,A,B,A,54.8,1,2,1
971,B,C,A,50.1,2,3,1
972,C,B,A,42.9,3,2,1
973,B,B,A,44.6,2,2,1
974,E,C,B,39.7,5,3,2
975,A,B,A,38.7,1,2,1
976,A,B,A,47.4,1,2,1
977,C,B,A,32.2,3,2,1
978,B,B,A,51.3,2,2,1
979,A,B,B,66.0,1,2,2
980,E,A,B,46.7,5,1,2
981,B,C,A,56.8,2,3,1
982,B,B,B,53.5,2,2,2
983,E,D,A,41.9,5,4,1
984,B,C,A,52.2,2,3,1
985,A,B,A,69.0,1,2,1
986,B,B,A,34.1,2,2,1
987,D,E,A,48.4,4,5,1
988,B,D,A,39.7,2,4,1
989,D,E,B,35.4,4,5,2
990,B,A,A,46.1,2,1,1
991,B,B,A,38.5,2,2,1
992,B,B,A,49.4,2,2,1
993,C,D,B,30.7,3,4,2
994,B,B,B,43.4,2,2,2
995,A,A,A,39.7,1,1,1
996,B,C,B,39.6,2,3,2
997,C,C,A,59.4,3,3,1
998,A,B,B,42.3,1,2,2
999,B,B,A,43.0,2,2,1
1000,A,A,A,50.8,1,1,1
1001,B,B,A,33.5,2,2,1
1002,B,B,A,33.6,2,2,1
1003,B,C,A,60.3,2,3,1
1004,D,D,A,51.0,4,4,1
1005,A,A,A,36.3,1,1,1
1006,B,B,A,43.9,2,2,1
1007,C,B,B,23.8,3,2,2
1008,A,B,B,46.0,1,2,2
1009,A,C,B,18.4,1,3,2
1010,C,D,B,39.4,3,4,2
1011,B,B,A,56.9,2,2,1
1012,A,B,A,29.3,1,2,1
1013,E,E,B,61.3,5,5,2
1014,A,B,A,32.9,1,2,1
1015,A,B,A,36.4,1,2,1
1016,A,B,A,53.4,1,2,1
1017,B,B,A,35.3,2,2,1
1018,B,B,A,23.9,2,2,1
1019,D,E,D,32.3,4,5,4
1020,A,F,B,40.4,1,6,2
1021,B,D,A,43.8,2,4,1
1022,B,C,B,33.7,2,3,2
1023,E,C,A,34.0,5,3,1
1024,A,B,A,32.2,1,2,1
1025,B,B,C,37.1,2,2,3
1026,B,A,A,33.3,2,1,1
1027,B,B,B,49.4,2,2,2
1028,A,A,A,28.1,1,1,1
1029,A,B,A,39.8,1,2,1
1030,A,D,A,42.5,1,4,1
1031,C,E,B,42.8,3,5,2
1032,B,B,A,45.7,2,2,1
1033,C,C,A,43.9,3,3,1
1034,B,D,A,29.7,2,4,1
1035,A,A,A,38.8,1,1,1
1036,B,B,A,32.1,2,2,1
1037,B,D,A,32.3,2,4,1
1038,B,B,A,25.9,2,2,1
1039,B,B,A,37.3,2,2,1
1040,E,D,A,35.5,5,4,1
1041,E,D,A,29.9,5,4,1
1042,D,B,B,43.1,4,2,2
1043,B,B,B,48.2,2,2,2
1044,B,C,B,47.5,2,3,2
1045,A,A,A,36.1,1,1,1
1046,B,C,A,38.1,2,3,1
1047,D,D,A,46.4,4,4,1
1048,A,A,A,37.2,1,1,1
1049,B,C,B,29.5,2,3,2
1050,B,B,B,32.4,2,2,2
1051,B,B,A,32.8,2,2,1
1052,B,B,B,35.6,2,2,2
1053,B,B,B,40.9,2,2,2
1054,B,B,A,25.9,2,2,1
1055,A,D,A,39.7,1,4,1
1056,A,D,A,41.5,1,4,1
1057,B,B,B,43.2,2,2,2
1058,A,A,B,56.8,1,1,2
1059,F,F,E,44.6,6,6,5
1060,D,F,B,44.0,4,6,2
1061,B,B,A,51.4,2,2,1
1062,A,D,A,46.0,1,4,1
1063,A,E,B,44.9,1,5,2
1064,A,B,A,45.2,1,2,1
1065,D,E,C,39.2,4,5,3
1066,E,C,D,43.6,5,3,4
1067,B,E,A,41.7,2,5,1
1068,B,D,A,49.3,2,4,1
1069,D,D,A,55.1,4,4,1
1070,A,B,A,33.1,1,2,1
1071,B,E,D,28.3,2,5,4
1072,D,D,A,46.6,4,4,1
1073,C,E,B,42.6,3,5,2
1074,A,B,A,59.7,1,2,1
1075,C,C,A,48.4,3,3,1
1076,B,B,A,34.6,2,2,1
1077,B,D,A,30.1,2,4,1
1078,C,D,B,43.3,3,4,2
1079,C,D,A,53.6,3,4,1
1080,C,D,C,33.0,3,4,3
1081,E,E,B,41.2,5,5,2
1082,D,E,B,51.6,4,5,2
1083,D,B,A,54.5,4,2,1
1084,B,D,A,43.3,2,4,1
1085,B,B,A,38.8,2,2,1
1086,C,F,B,58.3,3,6,2
1087,D,E,B,48.7,4,5,2
1088,F,D,C,53.6,6,4,3
1089,B,C,A,58.5,2,3,1
1090,C,C,A,48.8,3,3,1
1091,C,F,A,59.5,3,6,1
1092,C,B,A,54.0,3,2,1
1093,B,B,A,30.0,2,2,1
1094,E,E,C,47.8,5,5,3
1095,E,E,B,37.9,5,5,2
1096,B,C,B,35.8,2,3,2
1097,D,E,A,53.2,4,5,1
1098,A,D,A,55.3,1,4,1
1099,D,E,A,55.3,4,5,1
1100,E,D,B,56.6,5,4,2
1101,B,B,A,29.3,2,2,1
1102,D,D,B,56.8,4,4,2
1103,D,D,B,36.0,4,4,2
1104,E,F,B,28.9,5,6,2
1106,D,E,A,42.9,4,5,1
1107,D,D,A,37.4,4,4,1
1108,A,B,A,33.2,1,2,1
1109,B,D,B,48.4,2,4,2
1110,A,C,A,26.2,1,3,1
1111,B,D,B,44.8,2,4,2
1112,D,D,A,26.0,4,4,1
1113,A,A,A,48.2,1,1,1
1114,A,D,A,32.9,1,4,1
1115,A,C,A,22.4,1,3,1
1116,E,D,A,38.8,5,4,1
1117,B,C,B,36.3,2,3,2
1118,A,A,A,24.7,1,1,1
1119,B,D,A,43.2,2,4,1
1120,C,E,A,43.6,3,5,1
1121,D,B,A,36.1,4,2,1
1122,B,B,A,26.2,2,2,1
1123,C,E,B,33.1,3,5,2
1124,B,F,B,46.8,2,6,2
1125,B,D,B,24.3,2,4,2
1126,B,C,A,30.8,2,3,1
1127,C,C,A,28.6,3,3,1
1128,B,B,B,23.6,2,2,2
1129,B,D,B,53.8,2,4,2
1130,C,E,A,13.4,3,5,1
1131,B,B,A,24.0,2,2,1
1132,A,B,A,23.4,1,2,1
1133,D,E,B,29.1,4,5,2
1134,C,C,A,44.0,3,3,1
1135,C,D,C,26.4,3,4,3
1136,E,F,C,42.9,5,6,3
1137,B,C,A,47.2,2,3,1
1138,A,B,B,27.0,1,2,2
1139,F,E,E,37.2,6,5,5
1140,B,D,A,44.3,2,4,1
1141,B,B,A,32.4,2,2,1
1142,B,C,B,26.9,2,3,2
1143,C,D,A,45.3,3,4,1
1144,A,D,B,55.7,1,4,2
1145,C,D,B,43.7,3,4,2
1146,C,D,A,42.6,3,4,1
1147,A,B,A,27.9,1,2,1
1148,B,B,A,30.7,2,2,1
1149,D,E,B,28.0,4,5,2
1150,C,E,A,54.0,3,5,1
1151,E,D,B,26.1,5,4,2
1152,D,B,A,66.4,4,2,1
1153,D,E,B,27.3,4,5,2
1154,D,D,B,27.0,4,4,2
1155,F,C,D,52.2,6,3,4
1156,D,D,A,54.2,4,4,1
1157,D,D,A,16.4,4,4,1
1158,C,D,C,50.7,3,4,3
1159,D,D,B,35.9,4,4,2
1160,D,D,B,53.1,4,4,2
1161,D,F,B,37.4,4,6,2
1162,B,E,B,41.2,2,5,2
1163,E,E,E,34.2,5,5,5
1164,D,D,A,37.1,4,4,1
1165,D,D,A,43.4,4,4,1
1166,D,E,A,34.1,4,5,1
1167,D,D,C,42.7,4,4,3
1168,E,D,C,56.3,5,4,3
1169,C,C,A,52.4,3,3,1
1170,D,C,C,36.1,4,3,3
1171,C,E,B,48.1,3,5,2
1172,E,F,D,27.7,5,6,4
1173,A,D,B,49.4,1,4,2
1174,D,F,B,49.6,4,6,2
1175,C,E,F,41.9,3,5,6
1176,B,D,D,63.1,2,4,4
1177,E,D,E,41.5,5,4,5
1178,D,F,E,22.7,4,6,5
1179,B,D,B,45.9,2,4,2
1180,D,D,C,53.1,4,4,3
1181,C,D,C,53.2,3,4,3
1182,F,E,F,45.1,6,5,6
1183,E,D,E,41.8,5,4,5
1184,E,D,A,28.5,5,4,1
1185,D,E,D,38.1,4,5,4
1186,F,E,E,58.3,6,5,5
1187,E,E,D,33.3,5,5,4
1188,F,F,E,48.1,6,6,5
1189,D,F,C,47.4,4,6,3
1190,D,D,C,37.8,4,4,3
1191,E,F,E,44.1,5,6,5
1192,D,E,B,57.1,4,5,2
1193,B,D,A,68.5,2,4,1
1194,E,E,E,55.3,5,5,5
1195,D,D,D,47.9,4,4,4
1196,E,F,C,42.6,5,6,3
1197,F,E,C,43.9,6,5,3
1198,B,C,B,39.2,2,3,2
1199,E,D,E,46.3,5,4,5
1200,C,D,A,41.7,3,4,1
1201,B,B,A,45.0,2,2,1
1202,F,E,C,35.0,6,5,3
1203,B,D,B,54.9,2,4,2
1204,B,B,B,44.9,2,2,2
1205,C,B,A,49.4,3,2,1
1206,E,D,C,39.8,5,4,3
1207,C,C,B,34.1,3,3,2
1208,B,D,B,47.4,2,4,2
1209,B,B,A,46.2,2,2,1
1210,A,B,A,52.1,1,2,1
1211,B,B,B,47.4,2,2,2
1212,A,D,B,49.3,1,4,2
1213,A,A,B,30.4,1,1,2
1214,B,B,C,44.3,2,2,3
1215,C,C,B,39.5,3,3,2
1216,A,B,A,35.0,1,2,1
1217,B,B,A,59.0,2,2,1
1218,A,B,A,31.5,1,2,1
1219,B,C,A,54.7,2,3,1
1220,B,D,B,43.0,2,4,2
1221,B,B,B,57.8,2,2,2
1222,E,E,B,60.8,5,5,2
1223,A,D,A,44.2,1,4,1
1224,B,C,B,65.3,2,3,2
1225,B,B,A,43.1,2,2,1
1226,B,B,B,49.2,2,2,2
1227,A,B,A,39.1,1,2,1
1228,A,B,A,50.6,1,2,1
1229,B,C,A,64.4,2,3,1
1230,B,B,A,43.4,2,2,1
1231,B,B,B,49.2,2,2,2
1232,B,D,A,34.9,2,4,1
1233,B,B,A,46.5,2,2,1
1234,E,E,A,63.1,5,5,1
1235,B,B,A,48.1,2,2,1
1236,B,B,A,60.4,2,2,1
1237,B,D,A,22.8,2,4,1
1238,A,D,A,34.4,1,4,1
1239,B,C,A,49.6,2,3,1
1240,B,E,D,43.6,2,5,4
1241,B,B,A,36.7,2,2,1
1242,B,B,A,44.3,2,2,1
1243,B,C,B,61.5,2,3,2
1244,E,C,A,43.3,5,3,1
1245,A,F,D,46.8,1,6,4
1246,E,D,A,40.7,5,4,1
1247,D,C,C,59.2,4,3,3
1248,C,C,B,27.1,3,3,2
1249,D,D,A,74.6,4,4,1
1250,B,D,A,57.2,2,4,1
1251,B,B,A,35.8,2,2,1
1252,B,A,A,52.4,2,1,1
1253,B,D,A,45.5,2,4,1
1254,A,B,A,73.3,1,2,1
1255,D,C,A,73.9,4,3,1
1256,A,B,A,42.3,1,2,1
1257,A,B,A,45.1,1,2,1
1258,B,B,A,59.5,2,2,1
1259,A,B,A,48.9,1,2,1
1260,A,B,A,46.1,1,2,1
1261,D,C,A,43.2,4,3,1
1262,D,B,A,42.8,4,2,1
1263,B,F,A,37.3,2,6,1
1264,D,E,B,62.6,4,5,2
1265,B,B,A,42.0,2,2,1
1266,B,A,A,27.1,2,1,1
1267,B,B,B,45.6,2,2,2
1268,A,B,A,29.7,1,2,1
1269,D,D,A,53.0,4,4,1
1270,D,D,A,63.8,4,4,1
1271,D,D,B,56.3,4,4,2
1272,B,B,A,49.1,2,2,1
1273,C,D,B,47.5,3,4,2
1274,C,B,B,65.8,3,2,2
1275,B,D,B,35.6,2,4,2
1276,C,C,B,39.9,3,3,2
1278,B,D,B,46.7,2,4,2
1279,B,B,A,57.6,2,2,1
1280,B,C,A,18.8,2,3,1
1281,B,C,B,44.2,2,3,2
1282,D,D,A,70.9,4,4,1
1283,D,D,D,52.6,4,4,4
1284,C,D,A,38.7,3,4,1
1286,B,C,A,61.9,2,3,1
1287,A,C,A,62.5,1,3,1
1288,A,B,A,50.8,1,2,1
1289,B,C,B,31.8,2,3,2
1290,D,D,D,43.9,4,4,4
1291,A,B,B,28.3,1,2,2
1292,E,D,B,68.6,5,4,2
1293,C,D,B,49.3,3,4,2
1294,B,B,B,47.2,2,2,2
1295,F,E,E,62.5,6,5,5
1296,B,E,B,41.4,2,5,2
1297,E,E,B,54.3,5,5,2
1298,E,F,E,65.2,5,6,5
1299,E,E,B,72.4,5,5,2
1300,E,D,F,79.0,5,4,6
1301,E,E,A,45.3,5,5,1
1302,E,C,B,40.3,5,3,2
1303,F,F,F,60.3,6,6,6
1304,B,E,B,48.2,2,5,2
1305,D,D,C,36.6,4,4,3
1306,B,B,B,30.7,2,2,2
1307,C,D,A,40.6,3,4,1
1308,E,E,B,34.4,5,5,2
1309,E,E,B,35.7,5,5,2
1310,B,D,A,36.9,2,4,1
1311,D,E,B,49.0,4,5,2
1312,D,D,A,28.4,4,4,1
1313,B,B,A,51.0,2,2,1
1314,D,D,B,47.5,4,4,2
1315,B,B,B,46.7,2,2,2
1316,D,D,B,42.3,4,4,2
1317,B,B,A,44.5,2,2,1
1318,F,D,F,35.0,6,4,6
1319,B,D,B,29.7,2,4,2
1320,B,B,A,28.8,2,2,1
1321,D,E,A,44.2,4,5,1
1322,C,D,A,46.3,3,4,1
1323,D,E,C,49.0,4,5,3
1324,A,B,A,30.8,1,2,1
1325,D,E,B,39.2,4,5,2
1326,A,B,A,42.8,1,2,1
1327,D,F,B,30.9,4,6,2
1328,D,E,B,26.8,4,5,2
1329,C,E,C,40.4,3,5,3
1330,D,D,B,20.5,4,4,2
1331,B,E,B,42.1,2,5,2
1332,F,F,F,46.4,6,6,6
1333,A,A,A,34.0,1,1,1
1334,E,E,A,16.8,5,5,1
1335,B,C,B,42.2,2,3,2
1336,B,C,B,33.9,2,3,2
1337,D,E,B,31.0,4,5,2
1338,D,D,A,39.5,4,4,1
1339,E,E,B,37.9,5,5,2
1340,D,C,B,9.1,4,3,2
1341,B,C,A,48.8,2,3,1
1342,B,C,A,28.5,2,3,1
1343,B,B,B,23.5,2,2,2
1344,B,B,A,21.6,2,2,1
1345,B,B,A,27.7,2,2,1
1346,A,D,A,40.8,1,4,1
1347,A,B,B,31.3,1,2,2
1348,B,B,B,42.1,2,2,2
1349,B,B,A,18.8,2,2,1
1350,A,B,A,30.2,1,2,1
1351,B,E,A,40.9,2,5,1
1352,B,B,A,34.3,2,2,1
1353,C,E,E,37.5,3,5,5
1354,B,B,B,29.6,2,2,2
1355,A,E,A,39.4,1,5,1
1357,C,C,B,51.4,3,3,2
1358,B,F,D,38.3,2,6,4
1359,C,E,B,47.8,3,5,2
1360,D,D,C,57.6,4,4,3
1361,B,D,B,46.8,2,4,2
1362,B,D,B,33.6,2,4,2
1363,E,D,C,21.3,5,4,3
1364,D,D,A,32.5,4,4,1
1365,D,D,F,30.6,4,4,6
1366,D,B,B,31.4,4,2,2
1367,C,C,A,49.2,3,3,1
1368,B,B,A,44.1,2,2,1
1370,D,F,A,48.5,4,6,1
1371,A,B,A,49.8,1,2,1
1373,D,D,C,42.0,4,4,3
1374,B,D,B,54.0,2,4,2
1375,C,D,A,46.2,3,4,1
1376,D,D,B,28.1,4,4,2
1377,A,D,A,42.4,1,4,1
1379,F,F,D,58.4,6,6,4
1381,B,E,B,30.7,2,5,2
1382,B,D,A,34.6,2,4,1
1384,B,B,A,37.2,2,2,1
1385,B,B,B,29.4,2,2,2
1386,B,B,A,60.6,2,2,1
1387,B,C,A,40.0,2,3,1
1388,D,E,B,50.2,4,5,2
1389,B,A,A,43.3,2,1,1
1390,C,C,B,38.1,3,3,2
1391,B,B,A,66.3,2,2,1
1392,B,B,B,46.4,2,2,2
1393,B,F,A,41.9,2,6,1
1394,A,C,A,32.7,1,3,1
1395,E,A,B,34.9,5,1,2
1396,B,C,A,40.7,2,3,1
1398,A,B,B,63.8,1,2,2
1399,B,B,A,40.7,2,2,1
1400,A,B,A,56.6,1,2,1
1401,C,B,A,53.6,3,2,1
1402,B,B,A,35.7,2,2,1
1403,B,A,A,47.4,2,1,1
1404,D,D,E,50.8,4,4,5
1405,D,D,B,41.5,4,4,2
1406,B,B,B,56.4,2,2,2
1407,A,A,A,45.2,1,1,1
1408,B,B,A,35.9,2,2,1
1409,B,B,B,37.6,2,2,2
1411,B,C,A,54.2,2,3,1
1412,A,C,B,53.6,1,3,2
1413,B,B,A,40.6,2,2,1
1414,C,E,B,35.9,3,5,2
1415,B,B,A,43.9,2,2,1
1416,B,F,B,45.3,2,6,2
1417,B,B,A,39.5,2,2,1
1418,B,B,A,26.4,2,2,1
1419,B,B,A,53.3,2,2,1
1420,E,E,B,40.6,5,5,2
1421,B,B,A,51.6,2,2,1
1422,B,B,A,10.9,2,2,1
1423,A,B,A,27.2,1,2,1
1424,A,B,A,35.9,1,2,1
1425,D,B,A,43.4,4,2,1
1426,B,B,A,47.9,2,2,1
1427,B,B,A,42.6,2,2,1
1428,D,C,A,23.8,4,3,1
1429,E,E,B,51.7,5,5,2
1430,B,B,B,35.0,2,2,2
1431,C,D,B,44.0,3,4,2
1432,D,C,B,43.1,4,3,2
1433,D,F,C,65.4,4,6,3
1434,F,E,F,73.6,6,5,6
1435,B,E,C,73.9,2,5,3
1436,D,D,D,47.6,4,4,4
1437,B,D,B,29.9,2,4,2
1438,D,D,C,65.8,4,4,3
1439,E,E,C,40.6,5,5,3
1440,C,B,A,75.8,3,2,1
1441,F,D,B,68.8,6,4,2
1442,C,F,B,64.7,3,6,2
1443,B,C,B,50.6,2,3,2
1444,E,D,E,68.2,5,4,5
1445,F,F,F,75.1,6,6,6
1446,E,F,F,71.1,5,6,6
1447,D,E,E,53.7,4,5,5
1448,D,F,B,62.3,4,6,2
1449,E,E,C,70.0,5,5,3
1450,C,E,D,73.0,3,5,4
1451,D,E,C,53.3,4,5,3
1452,B,B,C,39.8,2,2,3
1453,C,F,E,80.2,3,6,5
1454,E,E,F,68.5,5,5,6
1455,D,D,F,55.7,4,4,6
1456,C,C,D,70.1,3,3,4
1457,D,D,E,76.4,4,4,5
1458,E,E,F,76.9,5,5,6
1459,D,D,E,64.7,4,4,5
1460,F,F,F,76.4,6,6,6
1461,D,C,E,60.5,4,3,5
1462,D,F,C,77.8,4,6,3
1463,C,D,C,64.5,3,4,3
1464,D,F,F,60.5,4,6,6
1465,D,C,C,65.2,4,3,3
1466,E,F,C,64.0,5,6,3
1467,E,E,B,50.0,5,5,2
1468,E,E,D,84.8,5,5,4
1469,B,D,A,70.1,2,4,1
1470,D,F,F,77.0,4,6,6
1471,D,E,A,66.1,4,5,1
1472,E,E,C,62.6,5,5,3
1473,D,D,B,56.5,4,4,2
1474,D,D,C,61.2,4,4,3
1475,E,E,C,64.9,5,5,3
1476,D,D,D,66.8,4,4,4
1477,E,E,E,73.7,5,5,5
1478,E,F,D,53.1,5,6,4
1479,D,D,C,74.6,4,4,3
1480,D,E,D,53.9,4,5,4
1481,D,F,D,38.2,4,6,4
1482,A,F,B,34.0,1,6,2
1483,B,E,B,32.6,2,5,2
1484,D,F,C,40.6,4,6,3
1485,D,D,A,43.6,4,4,1
1486,A,D,A,39.9,1,4,1
1487,A,D,C,69.7,1,4,3
1488,C,C,A,44.4,3,3,1
1489,D,D,A,53.8,4,4,1
1490,A,B,A,33.5,1,2,1
1491,C,B,A,29.0,3,2,1
1492,B,B,A,27.8,2,2,1
1493,C,C,A,51.7,3,3,1
1494,D,D,B,40.7,4,4,2
1495,B,B,A,49.1,2,2,1
1496,B,D,A,48.7,2,4,1
1497,C,C,A,33.8,3,3,1
1498,B,D,A,39.7,2,4,1
1499,B,B,A,29.8,2,2,1
1500,C,B,C,16.3,3,2,3
1501,B,F,A,46.8,2,6,1
1502,B,C,A,49.8,2,3,1
1503,B,B,B,46.9,2,2,2
1504,A,B,A,40.3,1,2,1
1505,A,C,A,34.2,1,3,1
1506,B,C,A,25.3,2,3,1
1507,B,F,B,36.7,2,6,2
1508,D,D,B,34.4,4,4,2
1509,D,B,A,38.0,4,2,1
1510,C,C,B,47.7,3,3,2
1511,B,B,A,33.3,2,2,1
1512,B,D,B,41.6,2,4,2
1513,A,A,A,49.4,1,1,1
1514,B,F,A,29.8,2,6,1
1515,B,B,A,45.8,2,2,1
1516,B,D,A,28.4,2,4,1
1517,B,B,B,43.0,2,2,2
1518,B,B,B,63.1,2,2,2
1519,E,E,B,37.2,5,5,2
1520,C,E,A,32.8,3,5,1
1521,A,B,A,48.0,1,2,1
1522,A,B,B,23.9,1,2,2
1523,D,D,A,27.3,4,4,1
1524,B,B,A,31.5,2,2,1
1525,A,E,A,28.5,1,5,1
1526,E,F,B,31.1,5,6,2
1527,B,D,B,35.9,2,4,2
1528,B,C,A,21.9,2,3,1
1529,B,B,A,31.2,2,2,1
1530,D,F,B,37.2,4,6,2
1531,B,D,A,58.5,2,4,1
1532,D,D,B,20.2,4,4,2
1533,A,A,C,49.4,1,1,3
1535,D,B,A,36.6,4,2,1
1536,A,D,A,48.4,1,4,1
1537,C,B,A,55.0,3,2,1
1538,B,C,A,59.4,2,3,1
1539,A,B,A,32.1,1,2,1
1540,D,D,A,64.6,4,4,1
1541,B,C,A,45.7,2,3,1
1542,B,C,A,45.2,2,3,1
1543,C,B,A,55.0,3,2,1
1544,C,B,B,35.0,3,2,2
1545,C,D,B,63.2,3,4,2
1546,D,D,B,47.2,4,4,2
1547,C,D,A,49.9,3,4,1
1548,B,B,A,52.5,2,2,1
1549,C,C,A,44.9,3,3,1
1550,B,D,A,64.0,2,4,1
1551,B,B,B,36.5,2,2,2
1552,B,B,A,73.9,2,2,1
1553,A,B,A,52.7,1,2,1
1554,B,C,A,63.5,2,3,1
1555,B,B,A,53.0,2,2,1
1556,B,C,A,51.7,2,3,1
1557,A,B,A,36.2,1,2,1
1558,B,B,A,42.2,2,2,1
1559,A,B,A,75.4,1,2,1
1560,B,C,A,45.4,2,3,1
1561,B,D,A,43.8,2,4,1
1562,B,C,A,52.7,2,3,1
1563,B,B,A,51.2,2,2,1
1564,E,D,B,53.6,5,4,2
1565,B,B,A,65.2,2,2,1
1566,C,D,A,32.5,3,4,1
1567,B,C,A,43.4,2,3,1
1568,B,B,A,32.6,2,2,1
1569,B,B,B,62.1,2,2,2
1570,D,E,A,66.2,4,5,1
1571,B,B,A,44.5,2,2,1
1572,B,D,B,63.9,2,4,2
1573,B,B,A,68.2,2,2,1
1574,A,D,A,41.6,1,4,1
1575,A,B,A,41.4,1,2,1
1576,A,D,B,31.7,1,4,2
1577,D,C,A,64.5,4,3,1
1578,D,F,E,66.3,4,6,5
1579,C,C,A,69.3,3,3,1
1580,D,D,C,38.6,4,4,3
1581,E,C,A,54.3,5,3,1
1582,A,A,A,50.1,1,1,1
1583,D,D,B,56.5,4,4,2
1584,B,D,A,41.2,2,4,1
1585,B,C,A,52.0,2,3,1
1586,C,D,B,62.7,3,4,2
1587,D,B,E,35.9,4,2,5
1588,B,B,B,51.7,2,2,2
1589,B,C,A,50.5,2,3,1
1590,B,B,B,66.1,2,2,2
1591,C,B,B,55.2,3,2,2
1592,B,E,A,43.5,2,5,1
1593,D,F,B,54.9,4,6,2
1594,B,E,B,49.3,2,5,2
1595,B,D,A,52.1,2,4,1
1596,E,F,D,40.0,5,6,4
1597,E,D,D,54.1,5,4,4
1598,B,B,A,53.8,2,2,1
1599,D,D,A,55.7,4,4,1
1600,E,E,A,74.0,5,5,1
1601,A,B,B,48.1,1,2,2
1602,B,D,B,42.0,2,4,2
1603,B,D,A,48.8,2,4,1
1604,C,D,C,53.1,3,4,3
1605,E,F,D,57.7,5,6,4
1606,B,D,C,47.3,2,4,3
1607,E,D,B,61.0,5,4,2
1608,B,E,C,63.8,2,5,3
1609,E,F,D,53.9,5,6,4
1610,B,C,A,59.9,2,3,1
1611,B,B,A,58.3,2,2,1
1612,B,B,A,49.0,2,2,1
1613,B,C,A,38.8,2,3,1
1614,B,F,B,43.0,2,6,2
1615,A,A,A,46.5,1,1,1
1616,A,D,A,52.4,1,4,1
1617,B,B,A,57.5,2,2,1
1618,A,F,A,21.4,1,6,1
1619,B,C,A,45.4,2,3,1
1620,B,B,C,41.5,2,2,3
1621,B,E,A,54.3,2,5,1
1622,C,D,B,59.5,3,4,2
1623,D,E,B,54.4,4,5,2
1624,B,D,A,47.4,2,4,1
1625,B,A,A,32.6,2,1,1
1626,B,C,B,55.5,2,3,2
1627,A,B,A,26.6,1,2,1
1628,D,C,A,37.6,4,3,1
1629,C,B,A,59.8,3,2,1
1630,A,B,A,27.1,1,2,1
1631,B,C,A,42.6,2,3,1
1632,A,B,A,59.1,1,2,1
1633,A,A,A,38.5,1,1,1
1634,A,F,A,47.4,1,6,1
1635,D,C,A,41.3,4,3,1
1636,A,C,A,51.2,1,3,1
1637,A,C,B,55.4,1,3,2
1638,A,B,A,42.4,1,2,1
1639,D,C,A,47.6,4,3,1
1640,A,A,A,39.7,1,1,1
1641,D,B,A,64.2,4,2,1
1642,A,B,A,60.2,1,2,1
1643,B,B,A,38.6,2,2,1
1644,A,B,B,69.2,1,2,2
1645,A,B,A,54.3,1,2,1
1646,B,C,B,60.8,2,3,2
1647,B,B,A,34.8,2,2,1
1648,A,A,C,46.9,1,1,3
1649,A,A,A,47.6,1,1,1
1650,A,E,A,39.7,1,5,1
1651,B,B,B,48.2,2,2,2
1652,B,D,A,33.9,2,4,1
1653,A,B,A,47.0,1,2,1
1654,D,D,A,51.2,4,4,1
1655,B,E,B,55.3,2,5,2
1656,D,F,B,79.5,4,6,2
1657,B,D,A,62.5,2,4,1
1658,B,D,A,50.4,2,4,1
1659,B,B,A,32.8,2,2,1
1660,D,B,A,27.1,4,2,1
1661,A,B,A,62.3,1,2,1
1662,B,C,B,38.1,2,3,2
1663,B,B,A,38.3,2,2,1
1664,A,B,A,48.6,1,2,1
1665,D,D,A,51.8,4,4,1
1666,B,F,C,51.1,2,6,3
1667,B,B,B,50.1,2,2,2
1668,A,D,A,41.9,1,4,1
1669,D,D,A,46.7,4,4,1
1670,C,C,A,34.9,3,3,1
